<?xml version="1.0" encoding="UTF-8"?>
<beans xmlns="http://www.springframework.org/schema/beans"
	xmlns:xsi="http://www.w3.org/2001/XMLSchema-instance"
	xmlns:context="http://www.springframework.org/schema/context"
	xmlns:mvc="http://www.springframework.org/schema/mvc"
	xmlns:tx="http://www.springframework.org/schema/tx"
	xsi:schemaLocation="http://www.springframework.org/schema/mvc http://www.springframework.org/schema/mvc/spring-mvc-4.3.xsd
		http://www.springframework.org/schema/beans http://www.springframework.org/schema/beans/spring-beans.xsd
		http://www.springframework.org/schema/context http://www.springframework.org/schema/context/spring-context-4.3.xsd
		http://www.springframework.org/schema/tx http://www.springframework.org/schema/tx/spring-tx-4.3.xsd">
	<context:annotation-config /> <!-- ANNOTATION BASED CONFIG -->

	<context:component-scan base-package="my" /><!-- 
		SCAN PKG AND INSTANT -->

	<mvc:annotation-driven /><!-- HandlerMapping and HandlerAdapter -->


	<!--INTERNALRERSOURCE VIEW RESOLVER WILL CONVERT THE LOGICAL NAME TO THE 
		ACTUAL NAME AND FIND IF IT IS AVAILABLE OR NOT ELSE IT WILL RETURN 404 -->
	<bean id="resolver"
		class="org.springframework.web.servlet.view.InternalResourceViewResolver">
		<property name="prefix" value="/WEB-INF/view/"></property>
		<property name="suffix" value=".jsp" />
	</bean>

<!--LAYERED ARCHITECTURE  -->
<bean id="service" class="my.AccountServiceImpl">
<constructor-arg ref="dao"></constructor-arg>
</bean>
<bean id="dao" class="my.AccountDaoImpl"/>

	<!--DATA SOURCE	  -->
	<bean id="ds"
		class="org.springframework.jdbc.datasource.DriverManagerDataSource">
		<property name="driverClassName"
			value="com.mysql.jdbc.Driver" />
		<property name="url" value="jdbc:mysql://localhost:3306/lab8" />
		<property name="username" value="root" />
		<property name="password" value="root" />
	</bean>


	<!-- Spring Equivalent EntityManagerFactory -->
	<bean id="emf"
		class="org.springframework.orm.jpa.LocalContainerEntityManagerFactoryBean">
		<property name="dataSource" ref="ds"></property>

		<!-- HIBERNATE PROPERTIES -->
		<property name="jpaProperties">
			<props>
				<prop key="hibernate.show_sql">true</prop>
				<prop key="hibernate.hbm2ddl.auto">update</prop>
			</props>
		</property>
		<!-- Package of entity class -->
		<property name="packagesToScan" value="my"></property>

		<!--Reference Class of EntityManager -->
		<property name="jpaVendorAdapter">
			<bean
				class="org.springframework.orm.jpa.vendor.HibernateJpaVendorAdapter" />
		</property>
		<!-- <property name="jpaDialect" value="org.hibernate.dialect.MySQL5Dialect"></property> -->		<!-- <property name="jpaVendorAdapter" value="JpaVendor"></property> -->

		
	</bean>
	<!-- SPRING EQUIVALENT OF JPA TRANSACTION MANAGER -->
		<bean id="transactionManager"
			class="org.springframework.orm.jpa.JpaTransactionManager">
			<property name="entityManagerFactory" ref="emf"></property>
		</bean>
	

	<tx:annotation-driven
		transaction-manager="transactionManager" />

</beans>
